{
    "width": 640,
    "height": 480,
    "fx": 389.1734313964844,
    "fy": 389.1734313964844,
    "ppx": 316.31024169921875,
    "ppy": 239.43954467773438,
    "model": "distortion.brown_conrady",
    "coeffs": [
        0.0,
        0.0,
        0.0,
        0.0,
        0.0
    ]
}